<?xml version="1.0" encoding="UTF-8"?>
<!--
You might wonder, are these people at Akeeba drunk? This is a library, why do they use a "files" extension type?

No, we are not drunk but Joomla! sure is. When applying an update to a library package Joomla! will uninstall it
BEFORE it executes the installation script's preflight event. This means that any checks made there to prevent the
installation (e.g. wrong PHP or Joomla! version, or even preventing an accidental downgrade) results in the library
being UNINSTALLED. This means that when you try to install an unsupported version of a package extension that bundles
a library, your site CRASHES AND BURNS instead of the installation failing gracefuly. This is a catastrophic failure
mode that counts as a Priority 1 ("drop everything and fix it") bug. Unfortunately, for Joomla! this is business as
usual. It is a known issue since ~2017 but nobody will fix it until Joomla! 4.0 is released. Which means mid-2019 at
the earliest.

The only thing we can do to prevent your sites from burning to the ground if you try to install a version of our
software which does not support your PHP and/or Joomla! versions is to deliver our library as a *files* package. This
is nonsensical, it is 100% architecturally wrong BUT it is also the only way we can apply pre-installation checks which
fail gracefully instead of causing your site to crash and burn.
-->
<extension type="file" version="3.3" method="upgrade">
    <name>file_fof30</name>
	<description>
		<![CDATA[
		Framework-on-Framework (FOF) 3.x - The rapid application development framework for Joomla!.<br/>
		<b>WARNING</b>: This is NOT a duplicate of the FOF library already installed with Joomla!. It is a different version used by other extensions on your site. Do NOT uninstall either FOF package. If you do you will break your site.
		]]>
	</description>
	<creationDate>2019-03-12</creationDate>
	<author>Nicholas K. Dionysopoulos / Akeeba Ltd</author>
	<authorEmail>nicholas@akeebabackup.com</authorEmail>
	<authorUrl>https://www.akeebabackup.com</authorUrl>
	<copyright>(C)2010-2017 Nicholas K. Dionysopoulos</copyright>
	<license>GNU GPLv2 or later</license>
	<version>3.4.2</version>
	<packager>Akeeba Ltd</packager>
	<packagerurl>https://www.AkeebaBackup.com/download.html</packagerurl>

	<fileset>
		<files folder="fof" target="libraries/fof30">
			<folder>Autoloader</folder>
			<folder>Configuration</folder>
			<folder>Container</folder>
			<folder>Controller</folder>
			<folder>Database</folder>
			<folder>Date</folder>
			<folder>Dispatcher</folder>
			<folder>Download</folder>
			<folder>Encrypt</folder>
			<folder>Event</folder>
			<folder>Factory</folder>
			<folder>Form</folder>
			<folder>Hal</folder>
			<folder>Inflector</folder>
			<folder>Input</folder>
			<folder>Layout</folder>
			<folder>Less</folder>
			<folder>Model</folder>
			<folder>Params</folder>
			<folder>Pimple</folder>
			<folder>Platform</folder>
			<folder>Render</folder>
			<folder>Template</folder>
			<folder>Timer</folder>
			<folder>Toolbar</folder>
			<folder>TransparentAuthentication</folder>
			<folder>Update</folder>
			<folder>Utils</folder>
			<folder>View</folder>

			<file>LICENSE.txt</file>
			<file>include.php</file>
			<file>version.txt</file>
			<file>.htaccess</file>
			<file>web.config</file>
		</files>
		<files folder="fof/language/en-GB" target="language/en-GB">
			<file>en-GB.lib_fof30.ini</file>
		</files>
		<files folder="fof/language/en-GB" target="administrator/language/en-GB">
			<file>en-GB.lib_fof30.ini</file>
		</files>
	</fileset>

	<!-- Installation / uninstallation script file -->
	<scriptfile>script.fof.php</scriptfile>

    <updateservers>
        <server type="extension" priority="1" name="FOF 3.x">http://cdn.akeebabackup.com/updates/fof3_file.xml</server>
    </updateservers>
</extension>