<?xml version="1.0" encoding="UTF-8"?>
<fof>

	<common>

		<container>
			<!-- Set up the The Factory class which will be used by FOF to determine how much "magic" you want FOF to apply to your component.-->
			<option name="factoryClass"><![CDATA[FOF30\Factory\MagicFactory]]></option>

			<!-- Use componentNamespace option to configure more unique namespaces, recommened to use something like CompanyName\ComponentName -->
			<option name="componentNamespace"><![CDATA[Sda\Contacts]]></option>
			<option name="scaffolding">0</option>
			<option name="saveScaffolding">0</option>

		</container>

		<dispatcher>
			<option name="defaultView">Contacts</option>
		</dispatcher>

		<model name="*">
			<behaviors merge="1">Filters</behaviors>
		</model>

	</common>

	<!-- Component backend options -->
	<backend>

	</backend>

	<!-- Component frontend options -->
	<frontend>
		<!-- The same options as Common Settings apply here, too -->
		<!-- Controller, View and Toolbar setup. One tag per view. -->
		<view name="Contacts">

			<!-- Controller and View options -->
			<config>
				<option name="useConfigurationFile">1</option>
				<option name="renderFrontendButtons">1</option>
			</config>

			<!-- Toolbar configuration -->
		</view>

	</frontend>

</fof>