<?xml version="1.0" encoding="UTF-8"?>
<fof>

	<common>

		<container>
			<!-- Set up the The Factory class which will be used by FOF to determine how much "magic" you want FOF to apply to your component.-->
			<option name="factoryClass"><![CDATA[FOF30\Factory\MagicFactory]]></option>

			<!-- Use componentNamespace option to configure more unique namespaces, recommened to use something like CompanyName\ComponentName -->
			<option name="componentNamespace"><![CDATA[Sda\Jem]]></option>
			<option name="scaffolding">0</option>
			<option name="saveScaffolding">0</option>

		</container>

		<dispatcher>
			<option name="defaultView">Events</option>
		</dispatcher>

		<model name="*">
			<behaviors merge="1">Filters, Access</behaviors>
		</model>

	</common>

	<!-- Component backend options -->
	<backend>

		<config>
			<option name="useConfigurationFile">1</option>
		</config>
		<!-- The same options as Common Settings apply here, too -->
		<view name="Events">
			<toolbar title="COM_SDAJEM_TITLE_EVENTS_BROWSE" task="browse">
				<button type="preferences" component="com_todo" />
			</toolbar>
		</view>
	</backend>

	<!-- Component frontend options -->
	<frontend>
		<!-- The same options as Common Settings apply here, too -->
		<!-- Controller, View and Toolbar setup. One tag per view. -->
		<view name="Events">

			<!-- Controller and View options -->
			<config>
				<option name="autoRouting">3</option>
			</config>

			<!-- Controller and View options -->
			<config>
				<option name="useConfigurationFile">1</option>
				<option name="renderFrontendButtons">1</option>
			</config>

		</view>

		<view name="Locations">
			<!-- Controller and View options -->
			<config>
				<option name="useConfigurationFile">1</option>
				<option name="renderFrontendButtons">0</option>
			</config>

		</view>

		<view name="Categories">
			<!-- Controller and View options -->
			<config>
				<option name="useConfigurationFile">1</option>
				<option name="renderFrontendButtons">1</option>
			</config>

		</view>

	</frontend>

</fof>