<?xml version="1.0" encoding="UTF-8" ?>
<extension type="package" version="3.9" method="upgrade">
    <name>pkg_sda</name>
    <packagename>SDA</packagename>
    <creationDate>17.12.2018</creationDate>
    <author>Alexander Bahlo</author>
    <authorEmail>abahlo@hotmail.de</authorEmail>
    <copyright>Copyright (C) 2018 Alexander Bahlo</copyright>
    <license>GNU General Public License version 2 or later; see LICENSE.txt</license>
    <version>1.0.0</version>
    <description>PKG_SDA_INSTALLATION_DESCRIPTION</description>
    <packager>Alexander Bahlo</packager>

    <scriptfile>pkg_install.php</scriptfile>

    <files folder="packages">
        <file type="file" id="lib_fof3">lib_fof30-3.4.2.zip</file>
        <file type="component" id="com_sdaprofiles">com_sdaprofiles.zip</file>
        <file type="component" id="com_sdacontacts">com_sdacontacts.zip</file>
        <file type="component" id="com_sdajem">com_sdajem.zip</file>
        <file type="library" id="Sda">lib_Sda.zip</file>
        <file type="plugin" id="sdalib">plg_system_sdalib.zip</file>
        <file type="plugin" id="plg_system_sdamailer" group="system">plg_system_sdamailer.zip</file>
        <file type="template" id="survivants" client="site">sda_templ.zip</file>
    </files>

    <languages folder="language">
        <language tag="en-GB">en-GB/en-GB.pkg_yajem.sys.ini</language>
        <language tag="de-DE">de-DE/de-DE.pkg_yajem.sys.ini</language>
    </languages>

</extension>