<?xml version="1.0" encoding="utf-8" ?>
<extension type="component" version="3.9" method="upgrade">
	<name>COM_SDAPROFILES</name>
	<creationDate>03.2019</creationDate>
	<author>Alexander Bahlo</author>
	<authorEmail>abahlo@hotmail.de</authorEmail>
	<copyright>Copyright (C) 2018 Alexander Bahlo</copyright>
	<license>GNU General Public License version 2 or later; see LICENSE.txt</license>
	<version>0.2.2</version>
	<description>COM_SDAPROFILES_XML_DESCRIPTION</description>

	<!-- Scripts to run on installation -->
	<scriptfile>script.php</scriptfile>

	<!-- Runs on install -->
	<install>
		<sql>
			<file driver="mysql" charset="utf8">sql/install/mysql/mysql.sql</file>
		</sql>
	</install>

	<!-- Runs on uninstall -->
	<uninstall>
		<sql>
			<file driver="mysql" charset="utf8">sql/uninstall/mysql/mysql.sql</file>
		</sql>
	</uninstall>

	<!-- Runs on update -->
	<update>
		<schemas>
			<schemapath type="mysql">sql/updates/mysql</schemapath>
		</schemas>
	</update>

	<!-- Media files -->
	<media folder="media/com_sdaprofiles" destination="com_sdaprofiles">
		<folder>css</folder>
		<folder>images</folder>
		<folder>js</folder>
		<folder>webfonts</folder>
	</media>

	<!-- Front-end files -->
	<files folder="components/com_sdaprofiles">
		<filename>sdaprofiles.php</filename>
		<folder>Controller</folder>
		<folder>language</folder>
		<folder>Model</folder>
		<folder>Toolbar</folder>
		<folder>View</folder>
		<folder>views</folder>
		<folder>ViewTemplates</folder>
	</files>

	<!-- Front end translation files -->

	<!-- Back-end files -->
	<administration>
		<!-- Menu entries -->
		<menu>COM_SDAPROFILES</menu>
		<submenu>
			<!--
				Note that all & must be escaped to &amp; for the file to be valid
				XML and be parsed by the installer
			-->
			<menu link="option=com_sdaprofiles&amp;view=profiles"
				  alt="Profiles List/Profiles">COM_SDAPROFILES_SUBMENU_PROFILES</menu>
			<menu link="option=com_sdaprofiles&amp;view=fittings"
			      alt="Fittings List/Fittings">COM_SDAPROFILES_SUBMENU_FITTINGS</menu>
		</submenu>

		<!-- Core files -->
		<files folder="administrator/components/com_sdaprofiles">
			<filename>sdaprofiles.php</filename>
			<filename>access.xml</filename>
			<filename>config.xml</filename>
			<filename>fof.xml</filename>
			<folder>Controller</folder>
			<folder>Helper</folder>
			<folder>language</folder>
			<folder>Model</folder>
			<folder>sql</folder>
			<folder>View</folder>
		</files>

	</administration>

	<!-- Update servers
	<updateservers>
		<server type="extension" priority="1" name="yajem">https://www.example.com/yajem.xml</server>
	</updateservers>
	 -->
</extension>
